Workbook

Sheet Counties
A1: County | B1: Latitude | C1: Longitude | D1: Population | E1: Region
A2: Barnstable County | B2: 41.783733 | C2: -70.177093 | D2: 227942 | E2: Eastern
A3: Berkshire County | B3: 42.402287 | C3: -73.270909 | D3: 129089 | E3: Western
A4: Bristol County | B4: 41.87969 | C4: -71.209005 | D4: 576070 | E4: Eastern
A5: Dukes County | B5: 41.408286 | C5: -70.704357 | D5: 20277 | E5: Eastern
A6: Essex County | B6: 42.651456 | C6: -70.968474 | D6: 804598 | E6: Eastern
A7: Franklin County | B7: 42.570377 | C7: -72.646642 | D7: 71085 | E7: Western
A8: Hampden County | B8: 42.117765 | C8: -72.610991 | D8: 466265 | E8: Western
A9: Hampshire County | B9: 42.34249 | C9: -72.68504 | D9: 161810 | E9: Western
A10: Middlesex County | B10: 42.460728 | C10: -71.325398 | D10: 1623411 | E10: Eastern
A11: Nantucket County | B11: 41.2835 | C11: -70.0995 | D11: 13795 | E11: Eastern
A12: Norfolk County | B12: 42.182443 | C12: -71.196432 | D12: 720403 | E12: Eastern
A13: Plymouth County | B13: 41.999281 | C13: -70.850919 | D13: 527602 | E13: Eastern
... A15: Worcester County | B15: 42.318058 | C15: -71.840493 | D15: 856858 | E15: Central

Sheet Huff_Model
A1: Lambda (distance decay): | B1: 2
A3: County | B3: Population | C3: County_Lat | D3: County_Lon | E3: Hub_ID | F3: Hub_Name | G3: Hub_Lat | H3: Hub_Lon | I3: Attractiveness | J3: Lambda | K3: Distance_mi | L3: Utility | M3: Sum_Utility | N3: Huff_Prob | O3: Expected_Pop
A4: Barnstable County | B4: =VLOOKUP(A4,Counties!$A:$D,4,FALSE) -> 227942 | C4: =VLOOKUP(A4,Counties!$A:$C,2,FALSE) -> 41.783733 | D4: =VLOOKUP(A4,Counties!$A:$D,3,FALSE) -> -70.177093 | E4: H1 | F4: =VLOOKUP(E4,Hubs!$A:$E,2,FALSE) -> Boston | G4: =VLOOKUP(E4,Hubs!$A:$E,3,FALSE) -> 42.3601 | H4: =VLOOKUP(E4,Hubs!$A:$E,4,FALSE) -> -71.0589 | I4: =VLOOKUP(E4,Hubs!$A:$E,5,FALSE) -> 1000 | J4: =$B$1 -> 2 | K4: =69*SQRT((C4-G4)^2+(D4-H4)^2) -> 72.688857 | L4: =I4/(K4^J4) -> 0.18926239 | M4: =SUMIF($A:$A,A4,$L:$L) -> 0.26883876 | N4: =L4/M4 -> 0.70399963 | O4: =B4*N4 -> 160471.08
A5: Barnstable County | B5: =VLOOKUP(A5,Counties!$A:$D,4,FALSE) -> 227942 | C5: =VLOOKUP(A5,Counties!$A:$C,2,FALSE) -> 41.783733 | D5: =VLOOKUP(A5,Counties!$A:$D,3,FALSE) -> -70.177093 | E5: H2 | F5: =VLOOKUP(E5,Hubs!$A:$E,2,FALSE) -> Springfield | G5: =VLOOKUP(E5,Hubs!$A:$E,3,FALSE) -> 42.1015 | H5: =VLOOKUP(E5,Hubs!$A:$E,4,FALSE) -> -72.5898 | I5: =VLOOKUP(E5,Hubs!$A:$E,5,FALSE) -> 800 | J5: =$B$1 -> 2 | K5: =69*SQRT((C5-G5)^2+(D5-H5)^2) -> 167.91443 | L5: =I5/(K5^J5) -> 0.028373567 | M5: =SUMIF($A:$A,A5,$L:$L) -> 0.26883876 | N5: =L5/M5 -> 0.1055412 | O5: =B5*N5 -> 24057.273
A6: Barnstable County | B6: =VLOOKUP(A6,Counties!$A:$D,4,FALSE) -> 227942 | C6: =VLOOKUP(A6,Counties!$A:$C,2,FALSE) -> 41.783733 | D6: =VLOOKUP(A6,Counties!$A:$D,3,FALSE) -> -70.177093 | E6: H3 | F6: =VLOOKUP(E6,Hubs!$A:$E,2,FALSE) -> Worcester | G6: =VLOOKUP(E6,Hubs!$A:$E,3,FALSE) -> 42.2652 | H6: =VLOOKUP(E6,Hubs!$A:$E,4,FALSE) -> -71.8018 | I6: =VLOOKUP(E6,Hubs!$A:$E,5,FALSE) -> 700 | J6: =$B$1 -> 2 | K6: =69*SQRT((C6-G6)^2+(D6-H6)^2) -> 116.92359 | L6: =I6/(K6^J6) -> 0.051202807 | M6: =SUMIF($A:$A,A6,$L:$L) -> 0.26883876 | N6: =L6/M6 -> 0.19045917 | O6: =B6*N6 -> 43413.644
A7: Berkshire County | B7: =VLOOKUP(A7,Counties!$A:$D,4,FALSE) -> 129089 | C7: =VLOOKUP(A7,Counties!$A:$C,2,FALSE) -> 42.402287 | D7: =VLOOKUP(A7,Counties!$A:$D,3,FALSE) -> -73.270909 | E7: H1 | F7: =VLOOKUP(E7,Hubs!$A:$E,2,FALSE) -> Boston | G7: =VLOOKUP(E7,Hubs!$A:$E,3,FALSE) -> 42.3601 | H7: =VLOOKUP(E7,Hubs!$A:$E,4,FALSE) -> -71.0589 | I7: =VLOOKUP(E7,Hubs!$A:$E,5,FALSE) -> 1000 | J7: =$B$1 -> 2 | K7: =69*SQRT((C7-G7)^2+(D7-H7)^2) -> 152.6564 | L7: =I7/(K7^J7) -> 0.04291113 | M7: =SUMIF($A:$A,A7,$L:$L) -> 0.41354286 | N7: =L7/M7 -> 0.10376465 | O7: =B7*N7 -> 13394.875
A8: Berkshire County | B8: =VLOOKUP(A8,Counties!$A:$D,4,FALSE) -> 129089 | C8: =VLOOKUP(A8,Counties!$A:$C,2,FALSE) -> 42.402287 | D8: =VLOOKUP(A8,Counties!$A:$D,3,FALSE) -> -73.270909 | E8: H2 | F8: =VLOOKUP(E8,Hubs!$A:$E,2,FALSE) -> Springfield | G8: =VLOOKUP(E8,Hubs!$A:$E,3,FALSE) -> 42.1015 | H8: =VLOOKUP(E8,Hubs!$A:$E,4,FALSE) -> -72.5898 | I8: =VLOOKUP(E8,Hubs!$A:$E,5,FALSE) -> 800 | J8: =$B$1 -> 2 | K8: =69*SQRT((C8-G8)^2+(D8-H8)^2) -> 51.375266 | L8: =I8/(K8^J8) -> 0.30309712 | M8: =SUMIF($A:$A,A8,$L:$L) -> 0.41354286 | N8: =L8/M8 -> 0.73292795 | O8: =B8*N8 -> 94612.936
A9: Berkshire County | B9: =VLOOKUP(A9,Counties!$A:$D,4,FALSE) -> 129089 | C9: =VLOOKUP(A9,Counties!$A:$C,2,FALSE) -> 42.402287 | D9: =VLOOKUP(A9,Counties!$A:$D,3,FALSE) -> -73.270909 | E9: H3 | F9: =VLOOKUP(E9,Hubs!$A:$E,2,FALSE) -> Worcester | G9: =VLOOKUP(E9,Hubs!$A:$E,3,FALSE) -> 42.2652 | H9: =VLOOKUP(E9,Hubs!$A:$E,4,FALSE) -> -71.8018 | I9: =VLOOKUP(E9,Hubs!$A:$E,5,FALSE) -> 700 | J9: =$B$1 -> 2 | K9: =69*SQRT((C9-G9)^2+(D9-H9)^2) -> 101.80892 | L9: =I9/(K9^J9) -> 0.06753461 | M9: =SUMIF($A:$A,A9,$L:$L) -> 0.41354286 | N9: =L9/M9 -> 0.1633074 | O9: =B9*N9 -> 21081.189
A10: Bristol County | B10: =VLOOKUP(A10,Counties!$A:$D,4,FALSE) -> 576070 | C10: =VLOOKUP(A10,Counties!$A:$C,2,FALSE) -> 41.87969 | D10: =VLOOKUP(A10,Counties!$A:$D,3,FALSE) -> -71.209005 | E10: H1 | F10: =VLOOKUP(E10,Hubs!$A:$E,2,FALSE) -> Boston | G10: =VLOOKUP(E10,Hubs!$A:$E,3,FALSE) -> 42.3601 | H10: =VLOOKUP(E10,Hubs!$A:$E,4,FALSE) -> -71.0589 | I10: =VLOOKUP(E10,Hubs!$A:$E,5,FALSE) -> 1000 | J10: =$B$1 -> 2 | K10: =69*SQRT((C10-G10)^2+(D10-H10)^2) -> 34.728686 | L10: =I10/(K10^J10) -> 0.82913126 | M10: =SUMIF($A:$A,A10,$L:$L) -> 1.209088 | N10: =L10/M10 -> 0.6857493 | O10: =B10*N10 -> 395039.6
A11: Bristol County | B11: =VLOOKUP(A11,Counties!$A:$D,4,FALSE) -> 576070 | C11: =VLOOKUP(A11,Counties!$A:$C,2,FALSE) -> 41.87969 | D11: =VLOOKUP(A11,Counties!$A:$D,3,FALSE) -> -71.209005 | E11: H2 | F11: =VLOOKUP(E11,Hubs!$A:$E,2,FALSE) -> Springfield | G11: =VLOOKUP(E11,Hubs!$A:$E,3,FALSE) -> 42.1015 | H11: =VLOOKUP(E11,Hubs!$A:$E,4,FALSE) -> -72.5898 | I11: =VLOOKUP(E11,Hubs!$A:$E,5,FALSE) -> 800 | J11: =$B$1 -> 2 | K11: =69*SQRT((C11-G11)^2+(D11-H11)^2) -> 96.496309 | L11: =I11/(K11^J11) -> 0.085914919 | M11: =SUMIF($A:$A,A11,$L:$L) -> 1.209088 | N11: =L11/M11 -> 0.071057622 | O11: =B11*N11 -> 40934.164
A12: Bristol County | B12: =VLOOKUP(A12,Counties!$A:$D,4,FALSE) -> 576070 | C12: =VLOOKUP(A12,Counties!$A:$C,2,FALSE) -> 41.87969 | D12: =VLOOKUP(A12,Counties!$A:$D,3,FALSE) -> -71.209005 | E12: H3 | F12: =VLOOKUP(E12,Hubs!$A:$E,2,FALSE) -> Worcester | G12: =VLOOKUP(E12,Hubs!$A:$E,3,FALSE) -> 42.2652 | H12: =VLOOKUP(E12,Hubs!$A:$E,4,FALSE) -> -71.8018 | I12: =VLOOKUP(E12,Hubs!$A:$E,5,FALSE) -> 700 | J12: =$B$1 -> 2 | K12: =69*SQRT((C12-G12)^2+(D12-H12)^2) -> 48.791533 | L12: =I12/(K12^J12) -> 0.29404183 | M12: =SUMIF($A:$A,A12,$L:$L) -> 1.209088 | N12: =L12/M12 -> 0.24319308 | O12: =B12*N12 -> 140096.24
A13: Dukes County | B13: =VLOOKUP(A13,Counties!$A:$D,4,FALSE) -> 20277 | C13: =VLOOKUP(A13,Counties!$A:$C,2,FALSE) -> 41.408286 | D13: =VLOOKUP(A13,Counties!$A:$D,3,FALSE) -> -70.704357 | E13: H1 | F13: =VLOOKUP(E13,Hubs!$A:$E,2,FALSE) -> Boston | G13: =VLOOKUP(E13,Hubs!$A:$E,3,FALSE) -> 42.3601 | H13: =VLOOKUP(E13,Hubs!$A:$E,4,FALSE) -> -71.0589 | I13: =VLOOKUP(E13,Hubs!$A:$E,5,FALSE) -> 1000 | J13: =$B$1 -> 2 | K13: =69*SQRT((C13-G13)^2+(D13-H13)^2) -> 70.083456 | L13: =I13/(K13^J13) -> 0.20359588 | M13: =SUMIF($A:$A,A13,$L:$L) -> 0.32107401 | N13: =L13/M13 -> 0.63410887 | O13: =B13*N13 -> 12857.826
A14: Dukes County | B14: =VLOOKUP(A14,Counties!$A:$D,4,FALSE) -> 20277 | C14: =VLOOKUP(A14,Counties!$A:$C,2,FALSE) -> 41.408286 | D14: =VLOOKUP(A14,Counties!$A:$D,3,FALSE) -> -70.704357 | E14: H2 | F14: =VLOOKUP(E14,Hubs!$A:$E,2,FALSE) -> Springfield | G14: =VLOOKUP(E14,Hubs!$A:$E,3,FALSE) -> 42.1015 | H14: =VLOOKUP(E14,Hubs!$A:$E,4,FALSE) -> -72.5898 | I14: =VLOOKUP(E14,Hubs!$A:$E,5,FALSE) -> 800 | J14: =$B$1 -> 2 | K14: =69*SQRT((C14-G14)^2+(D14-H14)^2) -> 138.61001 | L14: =I14/(K14^J14) -> 0.041639051 | M14: =SUMIF($A:$A,A14,$L:$L) -> 0.32107401 | N14: =L14/M14 -> 0.12968677 | O14: =B14*N14 -> 2629.6586
A15: Dukes County | B15: =VLOOKUP(A15,Counties!$A:$D,4,FALSE) -> 20277 | C15: =VLOOKUP(A15,Counties!$A:$C,2,FALSE) -> 41.408286 | D15: =VLOOKUP(A15,Counties!$A:$D,3,FALSE) -> -70.704357 | E15: H3 | F15: =VLOOKUP(E15,Hubs!$A:$E,2,FALSE) -> Worcester | G15: =VLOOKUP(E15,Hubs!$A:$E,3,FALSE) -> 42.2652 | H15: =VLOOKUP(E15,Hubs!$A:$E,4,FALSE) -> -71.8018 | I15: =VLOOKUP(E15,Hubs!$A:$E,5,FALSE) -> 700 | J15: =$B$1 -> 2 | K15: =69*SQRT((C15-G15)^2+(D15-H15)^2) -> 96.07325 | L15: =I15/(K15^J15) -> 0.075839083 | M15: =SUMIF($A:$A,A15,$L:$L) -> 0.32107401 | N15: =L15/M15 -> 0.23620436 | O15: =B15*N15 -> 4789.5159
... A45: Worcester County | B45: =VLOOKUP(A45,Counties!$A:$D,4,FALSE) -> 856858 | C45: =VLOOKUP(A45,Counties!$A:$C,2,FALSE) -> 42.318058 | D45: =VLOOKUP(A45,Counties!$A:$D,3,FALSE) -> -71.840493 | E45: H3 | F45: =VLOOKUP(E45,Hubs!$A:$E,2,FALSE) -> Worcester | G45: =VLOOKUP(E45,Hubs!$A:$E,3,FALSE) -> 42.2652 | H45: =VLOOKUP(E45,Hubs!$A:$E,4,FALSE) -> -71.8018 | I45: =VLOOKUP(E45,Hubs!$A:$E,5,FALSE) -> 700 | J45: =$B$1 -> 2 | K45: =69*SQRT((C45-G45)^2+(D45-H45)^2) -> 4.5199882 | L45: =I45/(K45^J45) -> 34.262847 | M45: =SUMIF($A:$A,A45,$L:$L) -> 34.881888 | N45: =L45/M45 -> 0.98225323 | O45: =B45*N45 -> 841651.54

Sheet Hubs
A1: Hub_ID | B1: Hub_Name | C1: Hub_Latitude | D1: Hub_Longitude | E1: Attractiveness
A2: H1 | B2: Boston | C2: 42.3601 | D2: -71.0589 | E2: 1000
A3: H2 | B3: Springfield | C3: 42.1015 | D3: -72.5898 | E3: 800
A4: H3 | B4: Worcester | C4: 42.2652 | D4: -71.8018 | E4: 700

Sheet Summary
A1: Hub Analysis Summary
A3: Hub_ID | B3: Hub_Name | C3: Total_Expected_Pop | D3: Market_Share_%
A4: H1 | B4: =VLOOKUP(A4,Hubs!$A:$E,2,FALSE) -> Boston | C4: =SUMIF(Huff_Model!$E:$E,A4,Huff_Model!$O:$O) -> 4523531.7 | D4: =C4/SUM($C$4:$C$6)*100 -> 64.697189
A5: H2 | B5: =VLOOKUP(A5,Hubs!$A:$E,2,FALSE) -> Springfield | C5: =SUMIF(Huff_Model!$E:$E,A5,Huff_Model!$O:$O) -> 937253.58 | D5: =C5/SUM($C$4:$C$6)*100 -> 13.40494
A6: H3 | B6: =VLOOKUP(A6,Hubs!$A:$E,2,FALSE) -> Worcester | C6: =SUMIF(Huff_Model!$E:$E,A6,Huff_Model!$O:$O) -> 1531066.7 | D6: =C6/SUM($C$4:$C$6)*100 -> 21.897871
A8: TOTAL POPULATION THAT AMAZON DRONES CAN DELIVER (EXP) | C8: =SUM(C4:C6) -> 6991852
